{"information": {"/home/shoaib/smart_factory/YOLOv6/Shoaib/connector_anomly/images/train/frame_11.png": {"shape": [900, 400], "labels": [[2.0, 0.0452749989926815, 0.7958440184593201, 0.090549997985363, 0.034356001764535904]]}, "/home/shoaib/smart_factory/YOLOv6/Shoaib/connector_anomly/images/train/frame_12.png": {"shape": [900, 400], "labels": [[2.0, 0.5027629733085632, 0.79202800989151, 0.09732499718666077, 0.03943299874663353]]}, "/home/shoaib/smart_factory/YOLOv6/Shoaib/connector_anomly/images/train/frame_13.png": {"shape": [900, 400], "labels": [[2.0, 0.20076300203800201, 0.4466109871864319, 0.07157500088214874, 0.0356220006942749], [2.0, 0.20076300203800201, 0.6342669725418091, 0.06012500077486038, 0.034356001764535904], [2.0, 0.20362499356269836, 0.2786720097064972, 0.07154999673366547, 0.02798900008201599]]}, "/home/shoaib/smart_factory/YOLOv6/Shoaib/connector_anomly/images/train/frame_14.png": {"shape": [900, 400], "labels": [[2.0, 0.7761499881744385, 0.27485600113868713, 0.07154999673366547, 0.02035599946975708], [2.0, 0.7804369926452637, 0.44851699471473694, 0.06297499686479568, 0.03181099891662598], [2.0, 0.7804380059242249, 0.6304500102996826, 0.05152500048279762, 0.021632999181747437]]}, "/home/shoaib/smart_factory/YOLOv6/Shoaib/connector_anomly/images/train/frame_15.png": {"shape": [900, 400], "labels": [[2.0, 0.5929380059242249, 0.8085669875144958, 0.06582500040531158, 0.026711000129580498], [2.0, 0.18072499334812164, 0.8098390102386475, 0.06584999710321426, 0.03181099891662598]]}, "/home/shoaib/smart_factory/YOLOv6/Shoaib/connector_anomly/images/train/frame_16.png": {"shape": [900, 400], "labels": [[2.0, 0.23225000500679016, 0.6444439888000488, 0.07729999721050262, 0.024178000167012215], [2.0, 0.2308250069618225, 0.8085669875144958, 0.06870000064373016, 0.026711000129580498], [2.0, 0.04098699986934662, 0.8142939805984497, 0.08197499811649323, 0.02798900008201599]]}, "/home/shoaib/smart_factory/YOLOv6/Shoaib/connector_anomly/images/train/frame_17.png": {"shape": [900, 400], "labels": [[2.0, 0.9521999955177307, 0.6444439888000488, 0.0572500005364418, 0.029267000034451485], [2.0, 0.7403619885444641, 0.8130220174789429, 0.07442499697208405, 0.02035599946975708], [2.0, 0.957925021648407, 0.8181059956550598, 0.08015000075101852, 0.03307799994945526]]}, "/home/shoaib/smart_factory/YOLOv6/Shoaib/connector_anomly/images/train/frame_18.png": {"shape": [900, 400], "labels": []}, "/home/shoaib/smart_factory/YOLOv6/Shoaib/connector_anomly/images/train/frame_20.png": {"shape": [900, 400], "labels": []}, "/home/shoaib/smart_factory/YOLOv6/Shoaib/connector_anomly/images/train/frame_25.png": {"shape": [900, 400], "labels": []}, "/home/shoaib/smart_factory/YOLOv6/Shoaib/connector_anomly/images/train/frame_26.png": {"shape": [900, 400], "labels": []}, "/home/shoaib/smart_factory/YOLOv6/Shoaib/connector_anomly/images/train/frame_27.png": {"shape": [900, 400], "labels": []}, "/home/shoaib/smart_factory/YOLOv6/Shoaib/connector_anomly/images/train/frame_28.png": {"shape": [900, 400], "labels": []}}, "image_hash": "65e98f5c4c9f66a17e28681ffcaf2d63", "label_hash": "2a4ff337959ed3b22aab77b723d87d95"}